Buyer_Email,Book_ISBN,Book_Price,
123test@test.net,0471286168,$39.95 ,
456test@test.net,0471288217,$39.95 ,
456test@test.net,0156006219,$13.00 ,
456test@test.net,0060540753,$13.95 ,
456test@test.net,0393318486,$17.95 ,
789test@test.net,0060958332,$10.50 ,
111test@test.net,0060958405,$15.00 ,
222test@test.net,0393319407,$16.95 ,
333test@test.net,067463442X,$18.95 ,
444test@test.net,0446608955,$6.99 ,
555test@test.net,0446676098,$12.95 ,
666test@test.net,0446606812,$7.50 ,
777test@test.net,0262521415,$35.00 ,
,,,
,,,
,,,
,,,